Action speed (MB/min),Command Line,Destination directory,Directories created,Directories processed,Elapsed time in sec.,Exit code,File name template,Files copied,Log File Appended,Source base directory,Total data in bytes,date,time,windows version,xxcopy version
203.7,xxcopy /yy /of0 /clone /ff /pb X:\Software\Speed-test\source\little_files d:\speed-test\little_files /oaX:\Software\Speed-test\stats\GEOMATT\server2local_straight-little_files.log,"""D:\speed-test\little_files\""","1,490","1,491",188.9 (3 min 8 sec),"0 (No error, Successful operation)","""*""","24,344",X:\Software\Speed-test\stats\GEOMATT\server2local_straight-little_files.log,"""X:\Software\Speed-test\source\little_files\""","641,411,602",2008-10-22,10:34:54, 5.2.3790 service pack 2,2.97.5
240.1,xxcopy /yy /of0 /clone /ff /pb X:\Software\Speed-test\source\little_files d:\speed-test\little_files /oaX:\Software\Speed-test\stats\GEOMATT\server2local_straight-little_files.log,"""D:\speed-test\little_files\""","1,490","1,491",160.3 (2 min 40 sec),"0 (No error, Successful operation)","""*""","24,344",X:\Software\Speed-test\stats\GEOMATT\server2local_straight-little_files.log,"""X:\Software\Speed-test\source\little_files\""","641,411,602",2008-10-22,10:40:34, 5.2.3790 service pack 2,2.97.5
243.7,xxcopy /yy /of0 /clone /ff /pb X:\Software\Speed-test\source\little_files d:\speed-test\little_files /oaX:\Software\Speed-test\stats\GEOMATT\server2local_straight-little_files.log,"""D:\speed-test\little_files\""","1,490","1,491",157.9 (2 min 37 sec),"0 (No error, Successful operation)","""*""","24,344",X:\Software\Speed-test\stats\GEOMATT\server2local_straight-little_files.log,"""X:\Software\Speed-test\source\little_files\""","641,411,602",2008-10-22,10:45:49, 5.2.3790 service pack 2,2.97.5
237.3,xxcopy /yy /of0 /clone /ff /pb X:\Software\Speed-test\source\little_files d:\speed-test\little_files /oaX:\Software\Speed-test\stats\GEOMATT\server2local_straight-little_files.log,"""D:\speed-test\little_files\""","1,490","1,491",162.2 (2 min 42 sec),"0 (No error, Successful operation)","""*""","24,344",X:\Software\Speed-test\stats\GEOMATT\server2local_straight-little_files.log,"""X:\Software\Speed-test\source\little_files\""","641,411,602",2008-10-22,10:51:00, 5.2.3790 service pack 2,2.97.5
241.8,xxcopy /yy /of0 /clone /ff /pb X:\Software\Speed-test\source\little_files d:\speed-test\little_files /oaX:\Software\Speed-test\stats\GEOMATT\server2local_straight-little_files.log,"""D:\speed-test\little_files\""","1,490","1,491",159.2 (2 min 39 sec),"0 (No error, Successful operation)","""*""","24,344",X:\Software\Speed-test\stats\GEOMATT\server2local_straight-little_files.log,"""X:\Software\Speed-test\source\little_files\""","641,411,602",2008-10-22,10:56:14, 5.2.3790 service pack 2,2.97.5
241.3,xxcopy /yy /of0 /clone /ff /pb X:\Software\Speed-test\source\little_files d:\speed-test\little_files /oaX:\Software\Speed-test\stats\GEOMATT\server2local_straight-little_files.log,"""D:\speed-test\little_files\""","1,490","1,491",159.5 (2 min 39 sec),"0 (No error, Successful operation)","""*""","24,344",X:\Software\Speed-test\stats\GEOMATT\server2local_straight-little_files.log,"""X:\Software\Speed-test\source\little_files\""","641,411,602",2008-10-22,11:01:26, 5.2.3790 service pack 2,2.97.5
242.5,xxcopy /yy /of0 /clone /ff /pb X:\Software\Speed-test\source\little_files d:\speed-test\little_files /oaX:\Software\Speed-test\stats\GEOMATT\server2local_straight-little_files.log,"""D:\speed-test\little_files\""","1,490","1,491",158.7 (2 min 38 sec),"0 (No error, Successful operation)","""*""","24,344",X:\Software\Speed-test\stats\GEOMATT\server2local_straight-little_files.log,"""X:\Software\Speed-test\source\little_files\""","641,411,602",2008-10-22,11:06:42, 5.2.3790 service pack 2,2.97.5
238.2,xxcopy /yy /of0 /clone /ff /pb X:\Software\Speed-test\source\little_files d:\speed-test\little_files /oaX:\Software\Speed-test\stats\GEOMATT\server2local_straight-little_files.log,"""D:\speed-test\little_files\""","1,490","1,491",161.6 (2 min 41 sec),"0 (No error, Successful operation)","""*""","24,344",X:\Software\Speed-test\stats\GEOMATT\server2local_straight-little_files.log,"""X:\Software\Speed-test\source\little_files\""","641,411,602",2008-10-22,11:11:55, 5.2.3790 service pack 2,2.97.5
228.2,xxcopy /yy /of0 /clone /ff /pb X:\Software\Speed-test\source\little_files d:\speed-test\little_files /oaX:\Software\Speed-test\stats\GEOMATT\server2local_straight-little_files.log,"""D:\speed-test\little_files\""","1,490","1,491",168.6 (2 min 48 sec),"0 (No error, Successful operation)","""*""","24,344",X:\Software\Speed-test\stats\GEOMATT\server2local_straight-little_files.log,"""X:\Software\Speed-test\source\little_files\""","641,411,602",2008-10-22,11:17:04, 5.2.3790 service pack 2,2.97.5
238.8,xxcopy /yy /of0 /clone /ff /pb X:\Software\Speed-test\source\little_files d:\speed-test\little_files /oaX:\Software\Speed-test\stats\GEOMATT\server2local_straight-little_files.log,"""D:\speed-test\little_files\""","1,490","1,491",161.2 (2 min 41 sec),"0 (No error, Successful operation)","""*""","24,344",X:\Software\Speed-test\stats\GEOMATT\server2local_straight-little_files.log,"""X:\Software\Speed-test\source\little_files\""","641,411,602",2008-10-22,11:22:31, 5.2.3790 service pack 2,2.97.5
Action speed (MB/min),Command Line,Destination directory,Directories created,Directories processed,Elapsed time in sec.,Exit code,File name template,Files copied,Files examined,Log File Appended,Source base directory,Total data in bytes,date,time,windows version,xxcopy version
245.6,xxcopy /yy /of0 /clone /ff /pb X:\Software\Speed-test\source\little_files R:\speed-test\little_files /oaX:\Software\Speed-test\stats\GEOMATT\server2drobo_diff-little_files.log,"""R:\speed-test\little_files\""",76,"1,491",51,"0 (No error, Successful operation)","""*""",532,"24,344",X:\Software\Speed-test\stats\GEOMATT\server2drobo_diff-little_files.log,"""X:\Software\Speed-test\source\little_files\""","208,731,021",2008-10-22,09:12:22, 5.2.3790 service pack 2,2.97.5
252.9,xxcopy /yy /of0 /clone /ff /pb X:\Software\Speed-test\source\little_files R:\speed-test\little_files /oaX:\Software\Speed-test\stats\GEOMATT\server2drobo_diff-little_files.log,"""R:\speed-test\little_files\""",76,"1,491",49.51,"0 (No error, Successful operation)","""*""",532,"24,344",X:\Software\Speed-test\stats\GEOMATT\server2drobo_diff-little_files.log,"""X:\Software\Speed-test\source\little_files\""","208,731,021",2008-10-22,09:18:01, 5.2.3790 service pack 2,2.97.5
262.8,xxcopy /yy /of0 /clone /ff /pb X:\Software\Speed-test\source\little_files R:\speed-test\little_files /oaX:\Software\Speed-test\stats\GEOMATT\server2drobo_diff-little_files.log,"""R:\speed-test\little_files\""",76,"1,491",47.65,"0 (No error, Successful operation)","""*""",532,"24,344",X:\Software\Speed-test\stats\GEOMATT\server2drobo_diff-little_files.log,"""X:\Software\Speed-test\source\little_files\""","208,731,021",2008-10-22,09:23:28, 5.2.3790 service pack 2,2.97.5
246.5,xxcopy /yy /of0 /clone /ff /pb X:\Software\Speed-test\source\little_files R:\speed-test\little_files /oaX:\Software\Speed-test\stats\GEOMATT\server2drobo_diff-little_files.log,"""R:\speed-test\little_files\""",76,"1,491",50.8,"0 (No error, Successful operation)","""*""",532,"24,344",X:\Software\Speed-test\stats\GEOMATT\server2drobo_diff-little_files.log,"""X:\Software\Speed-test\source\little_files\""","208,731,021",2008-10-22,09:28:54, 5.2.3790 service pack 2,2.97.5
272,xxcopy /yy /of0 /clone /ff /pb X:\Software\Speed-test\source\little_files R:\speed-test\little_files /oaX:\Software\Speed-test\stats\GEOMATT\server2drobo_diff-little_files.log,"""R:\speed-test\little_files\""",76,"1,491",46.05,"0 (No error, Successful operation)","""*""",532,"24,344",X:\Software\Speed-test\stats\GEOMATT\server2drobo_diff-little_files.log,"""X:\Software\Speed-test\source\little_files\""","208,731,021",2008-10-22,09:34:16, 5.2.3790 service pack 2,2.97.5
263.1,xxcopy /yy /of0 /clone /ff /pb X:\Software\Speed-test\source\little_files R:\speed-test\little_files /oaX:\Software\Speed-test\stats\GEOMATT\server2drobo_diff-little_files.log,"""R:\speed-test\little_files\""",76,"1,491",47.61,"0 (No error, Successful operation)","""*""",532,"24,344",X:\Software\Speed-test\stats\GEOMATT\server2drobo_diff-little_files.log,"""X:\Software\Speed-test\source\little_files\""","208,731,021",2008-10-22,09:39:34, 5.2.3790 service pack 2,2.97.5
261.7,xxcopy /yy /of0 /clone /ff /pb X:\Software\Speed-test\source\little_files R:\speed-test\little_files /oaX:\Software\Speed-test\stats\GEOMATT\server2drobo_diff-little_files.log,"""R:\speed-test\little_files\""",76,"1,491",47.86,"0 (No error, Successful operation)","""*""",532,"24,344",X:\Software\Speed-test\stats\GEOMATT\server2drobo_diff-little_files.log,"""X:\Software\Speed-test\source\little_files\""","208,731,021",2008-10-22,09:44:53, 5.2.3790 service pack 2,2.97.5
256.5,xxcopy /yy /of0 /clone /ff /pb X:\Software\Speed-test\source\little_files R:\speed-test\little_files /oaX:\Software\Speed-test\stats\GEOMATT\server2drobo_diff-little_files.log,"""R:\speed-test\little_files\""",76,"1,491",48.83,"0 (No error, Successful operation)","""*""",532,"24,344",X:\Software\Speed-test\stats\GEOMATT\server2drobo_diff-little_files.log,"""X:\Software\Speed-test\source\little_files\""","208,731,021",2008-10-22,09:50:10, 5.2.3790 service pack 2,2.97.5
257.8,xxcopy /yy /of0 /clone /ff /pb X:\Software\Speed-test\source\little_files R:\speed-test\little_files /oaX:\Software\Speed-test\stats\GEOMATT\server2drobo_diff-little_files.log,"""R:\speed-test\little_files\""",76,"1,491",48.58,"0 (No error, Successful operation)","""*""",532,"24,344",X:\Software\Speed-test\stats\GEOMATT\server2drobo_diff-little_files.log,"""X:\Software\Speed-test\source\little_files\""","208,731,021",2008-10-22,09:55:32, 5.2.3790 service pack 2,2.97.5
252.4,xxcopy /yy /of0 /clone /ff /pb X:\Software\Speed-test\source\little_files R:\speed-test\little_files /oaX:\Software\Speed-test\stats\GEOMATT\server2drobo_diff-little_files.log,"""R:\speed-test\little_files\""",76,"1,491",49.61,"0 (No error, Successful operation)","""*""",532,"24,344",X:\Software\Speed-test\stats\GEOMATT\server2drobo_diff-little_files.log,"""X:\Software\Speed-test\source\little_files\""","208,731,021",2008-10-22,10:00:59, 5.2.3790 service pack 2,2.97.5
Action speed (MB/min),Command Line,Destination directory,Directories processed,Elapsed time in sec.,Exit code,File name template,Files copied,Log File Appended,Source base directory,Total data in bytes,date,time,windows version,xxcopy version
598.2,xxcopy /yy /of0 /clone /ff /pb X:\Software\Speed-test\source\big_files R:\speed-test\big_files /oaX:\Software\Speed-test\stats\GEOMATT\server2drobo_straight-big_files.log,"""R:\speed-test\big_files\""",1,52.89,"0 (No error, Successful operation)","""*""",1,X:\Software\Speed-test\stats\GEOMATT\server2drobo_straight-big_files.log,"""X:\Software\Speed-test\source\big_files\""","527,331,269",2008-10-22,09:13:24, 5.2.3790 service pack 2,2.97.5
576.9,xxcopy /yy /of0 /clone /ff /pb X:\Software\Speed-test\source\big_files R:\speed-test\big_files /oaX:\Software\Speed-test\stats\GEOMATT\server2drobo_straight-big_files.log,"""R:\speed-test\big_files\""",1,54.84,"0 (No error, Successful operation)","""*""",1,X:\Software\Speed-test\stats\GEOMATT\server2drobo_straight-big_files.log,"""X:\Software\Speed-test\source\big_files\""","527,331,269",2008-10-22,09:19:02, 5.2.3790 service pack 2,2.97.5
601.8,xxcopy /yy /of0 /clone /ff /pb X:\Software\Speed-test\source\big_files R:\speed-test\big_files /oaX:\Software\Speed-test\stats\GEOMATT\server2drobo_straight-big_files.log,"""R:\speed-test\big_files\""",1,52.58,"0 (No error, Successful operation)","""*""",1,X:\Software\Speed-test\stats\GEOMATT\server2drobo_straight-big_files.log,"""X:\Software\Speed-test\source\big_files\""","527,331,269",2008-10-22,09:24:27, 5.2.3790 service pack 2,2.97.5
570.4,xxcopy /yy /of0 /clone /ff /pb X:\Software\Speed-test\source\big_files R:\speed-test\big_files /oaX:\Software\Speed-test\stats\GEOMATT\server2drobo_straight-big_files.log,"""R:\speed-test\big_files\""",1,55.47,"0 (No error, Successful operation)","""*""",1,X:\Software\Speed-test\stats\GEOMATT\server2drobo_straight-big_files.log,"""X:\Software\Speed-test\source\big_files\""","527,331,269",2008-10-22,09:29:57, 5.2.3790 service pack 2,2.97.5
589.7,xxcopy /yy /of0 /clone /ff /pb X:\Software\Speed-test\source\big_files R:\speed-test\big_files /oaX:\Software\Speed-test\stats\GEOMATT\server2drobo_straight-big_files.log,"""R:\speed-test\big_files\""",1,53.66,"0 (No error, Successful operation)","""*""",1,X:\Software\Speed-test\stats\GEOMATT\server2drobo_straight-big_files.log,"""X:\Software\Speed-test\source\big_files\""","527,331,269",2008-10-22,09:35:14, 5.2.3790 service pack 2,2.97.5
577.2,xxcopy /yy /of0 /clone /ff /pb X:\Software\Speed-test\source\big_files R:\speed-test\big_files /oaX:\Software\Speed-test\stats\GEOMATT\server2drobo_straight-big_files.log,"""R:\speed-test\big_files\""",1,54.81,"0 (No error, Successful operation)","""*""",1,X:\Software\Speed-test\stats\GEOMATT\server2drobo_straight-big_files.log,"""X:\Software\Speed-test\source\big_files\""","527,331,269",2008-10-22,09:40:34, 5.2.3790 service pack 2,2.97.5
584.7,xxcopy /yy /of0 /clone /ff /pb X:\Software\Speed-test\source\big_files R:\speed-test\big_files /oaX:\Software\Speed-test\stats\GEOMATT\server2drobo_straight-big_files.log,"""R:\speed-test\big_files\""",1,54.11,"0 (No error, Successful operation)","""*""",1,X:\Software\Speed-test\stats\GEOMATT\server2drobo_straight-big_files.log,"""X:\Software\Speed-test\source\big_files\""","527,331,269",2008-10-22,09:45:52, 5.2.3790 service pack 2,2.97.5
598.4,xxcopy /yy /of0 /clone /ff /pb X:\Software\Speed-test\source\big_files R:\speed-test\big_files /oaX:\Software\Speed-test\stats\GEOMATT\server2drobo_straight-big_files.log,"""R:\speed-test\big_files\""",1,52.88,"0 (No error, Successful operation)","""*""",1,X:\Software\Speed-test\stats\GEOMATT\server2drobo_straight-big_files.log,"""X:\Software\Speed-test\source\big_files\""","527,331,269",2008-10-22,09:51:10, 5.2.3790 service pack 2,2.97.5
606.3,xxcopy /yy /of0 /clone /ff /pb X:\Software\Speed-test\source\big_files R:\speed-test\big_files /oaX:\Software\Speed-test\stats\GEOMATT\server2drobo_straight-big_files.log,"""R:\speed-test\big_files\""",1,52.19,"0 (No error, Successful operation)","""*""",1,X:\Software\Speed-test\stats\GEOMATT\server2drobo_straight-big_files.log,"""X:\Software\Speed-test\source\big_files\""","527,331,269",2008-10-22,09:56:32, 5.2.3790 service pack 2,2.97.5
593.8,xxcopy /yy /of0 /clone /ff /pb X:\Software\Speed-test\source\big_files R:\speed-test\big_files /oaX:\Software\Speed-test\stats\GEOMATT\server2drobo_straight-big_files.log,"""R:\speed-test\big_files\""",1,53.28,"0 (No error, Successful operation)","""*""",1,X:\Software\Speed-test\stats\GEOMATT\server2drobo_straight-big_files.log,"""X:\Software\Speed-test\source\big_files\""","527,331,269",2008-10-22,10:02:01, 5.2.3790 service pack 2,2.97.5
199.5,xxcopy /yy /of0 /clone /ff /pb X:\Software\Speed-test\source\little_files R:\speed-test\little_files /oaX:\Software\Speed-test\stats\GEOMATT\server2drobo_straight-little_files.log,"""R:\speed-test\little_files\""","1,490","1,491",192.9 (3 min 12 sec),"0 (No error, Successful operation)","""*""","24,344",X:\Software\Speed-test\stats\GEOMATT\server2drobo_straight-little_files.log,"""X:\Software\Speed-test\source\little_files\""","641,411,602",2008-10-22,09:08:57, 5.2.3790 service pack 2,2.97.5
231.1,xxcopy /yy /of0 /clone /ff /pb X:\Software\Speed-test\source\little_files R:\speed-test\little_files /oaX:\Software\Speed-test\stats\GEOMATT\server2drobo_straight-little_files.log,"""R:\speed-test\little_files\""","1,490","1,491",166.5 (2 min 46 sec),"0 (No error, Successful operation)","""*""","24,344",X:\Software\Speed-test\stats\GEOMATT\server2drobo_straight-little_files.log,"""X:\Software\Speed-test\source\little_files\""","641,411,602",2008-10-22,09:15:02, 5.2.3790 service pack 2,2.97.5
242.5,xxcopy /yy /of0 /clone /ff /pb X:\Software\Speed-test\source\little_files R:\speed-test\little_files /oaX:\Software\Speed-test\stats\GEOMATT\server2drobo_straight-little_files.log,"""R:\speed-test\little_files\""","1,490","1,491",158.7 (2 min 38 sec),"0 (No error, Successful operation)","""*""","24,344",X:\Software\Speed-test\stats\GEOMATT\server2drobo_straight-little_files.log,"""X:\Software\Speed-test\source\little_files\""","641,411,602",2008-10-22,09:20:37, 5.2.3790 service pack 2,2.97.5
241.2,xxcopy /yy /of0 /clone /ff /pb X:\Software\Speed-test\source\little_files R:\speed-test\little_files /oaX:\Software\Speed-test\stats\GEOMATT\server2drobo_straight-little_files.log,"""R:\speed-test\little_files\""","1,490","1,491",159.6 (2 min 39 sec),"0 (No error, Successful operation)","""*""","24,344",X:\Software\Speed-test\stats\GEOMATT\server2drobo_straight-little_files.log,"""X:\Software\Speed-test\source\little_files\""","641,411,602",2008-10-22,09:26:02, 5.2.3790 service pack 2,2.97.5
242.8,xxcopy /yy /of0 /clone /ff /pb X:\Software\Speed-test\source\little_files R:\speed-test\little_files /oaX:\Software\Speed-test\stats\GEOMATT\server2drobo_straight-little_files.log,"""R:\speed-test\little_files\""","1,490","1,491",158.5 (2 min 38 sec),"0 (No error, Successful operation)","""*""","24,344",X:\Software\Speed-test\stats\GEOMATT\server2drobo_straight-little_files.log,"""X:\Software\Speed-test\source\little_files\""","641,411,602",2008-10-22,09:31:24, 5.2.3790 service pack 2,2.97.5
245,xxcopy /yy /of0 /clone /ff /pb X:\Software\Speed-test\source\little_files R:\speed-test\little_files /oaX:\Software\Speed-test\stats\GEOMATT\server2drobo_straight-little_files.log,"""R:\speed-test\little_files\""","1,490","1,491",157.1 (2 min 37 sec),"0 (No error, Successful operation)","""*""","24,344",X:\Software\Speed-test\stats\GEOMATT\server2drobo_straight-little_files.log,"""X:\Software\Speed-test\source\little_files\""","641,411,602",2008-10-22,09:36:42, 5.2.3790 service pack 2,2.97.5
242.1,xxcopy /yy /of0 /clone /ff /pb X:\Software\Speed-test\source\little_files R:\speed-test\little_files /oaX:\Software\Speed-test\stats\GEOMATT\server2drobo_straight-little_files.log,"""R:\speed-test\little_files\""","1,490","1,491",159 (2 min 38 sec),"0 (No error, Successful operation)","""*""","24,344",X:\Software\Speed-test\stats\GEOMATT\server2drobo_straight-little_files.log,"""X:\Software\Speed-test\source\little_files\""","641,411,602",2008-10-22,09:42:01, 5.2.3790 service pack 2,2.97.5
245,xxcopy /yy /of0 /clone /ff /pb X:\Software\Speed-test\source\little_files R:\speed-test\little_files /oaX:\Software\Speed-test\stats\GEOMATT\server2drobo_straight-little_files.log,"""R:\speed-test\little_files\""","1,490","1,491",157.1 (2 min 37 sec),"0 (No error, Successful operation)","""*""","24,344",X:\Software\Speed-test\stats\GEOMATT\server2drobo_straight-little_files.log,"""X:\Software\Speed-test\source\little_files\""","641,411,602",2008-10-22,09:47:20, 5.2.3790 service pack 2,2.97.5
243.1,xxcopy /yy /of0 /clone /ff /pb X:\Software\Speed-test\source\little_files R:\speed-test\little_files /oaX:\Software\Speed-test\stats\GEOMATT\server2drobo_straight-little_files.log,"""R:\speed-test\little_files\""","1,490","1,491",158.3 (2 min 38 sec),"0 (No error, Successful operation)","""*""","24,344",X:\Software\Speed-test\stats\GEOMATT\server2drobo_straight-little_files.log,"""X:\Software\Speed-test\source\little_files\""","641,411,602",2008-10-22,09:52:41, 5.2.3790 service pack 2,2.97.5
237.2,xxcopy /yy /of0 /clone /ff /pb X:\Software\Speed-test\source\little_files R:\speed-test\little_files /oaX:\Software\Speed-test\stats\GEOMATT\server2drobo_straight-little_files.log,"""R:\speed-test\little_files\""","1,490","1,491",162.3 (2 min 42 sec),"0 (No error, Successful operation)","""*""","24,344",X:\Software\Speed-test\stats\GEOMATT\server2drobo_straight-little_files.log,"""X:\Software\Speed-test\source\little_files\""","641,411,602",2008-10-22,09:58:02, 5.2.3790 service pack 2,2.97.5
55.67,xxcopy /yy /of0 /clone /ff /pb K:\Software\Speed-test\source\little_files \\droboshare\drobo\speed-test\little_files /oaK:\Software\Speed-test\stats\GEOMATT\server2drobo-usb_diff-little_files.log,"""\\droboshare\drobo\speed-test\little_files\""",76,"1,491",225 (3 min 44 sec),"0 (No error, Successful operation)","""*""",532,"24,344",K:\Software\Speed-test\stats\GEOMATT\server2drobo-usb_diff-little_files.log,"""K:\Software\Speed-test\source\little_files\""","208,731,021",2008-10-15,10:11:06, 5.2.3790 service pack 2,2.97.5
56.35,xxcopy /yy /of0 /clone /ff /pb K:\Software\Speed-test\source\little_files \\droboshare\drobo\speed-test\little_files /oaK:\Software\Speed-test\stats\GEOMATT\server2drobo-usb_diff-little_files.log,"""\\droboshare\drobo\speed-test\little_files\""",76,"1,491",222.3 (3 min 42 sec),"0 (No error, Successful operation)","""*""",532,"24,344",K:\Software\Speed-test\stats\GEOMATT\server2drobo-usb_diff-little_files.log,"""K:\Software\Speed-test\source\little_files\""","208,731,021",2008-10-15,10:17:38, 5.2.3790 service pack 2,2.97.5
56.03,xxcopy /yy /of0 /clone /ff /pb K:\Software\Speed-test\source\little_files \\droboshare\drobo\speed-test\little_files /oaK:\Software\Speed-test\stats\GEOMATT\server2drobo-usb_diff-little_files.log,"""\\droboshare\drobo\speed-test\little_files\""",76,"1,491",223.5 (3 min 43 sec),"0 (No error, Successful operation)","""*""",532,"24,344",K:\Software\Speed-test\stats\GEOMATT\server2drobo-usb_diff-little_files.log,"""K:\Software\Speed-test\source\little_files\""","208,731,021",2008-10-15,10:24:07, 5.2.3790 service pack 2,2.97.5
55.99,xxcopy /yy /of0 /clone /ff /pb K:\Software\Speed-test\source\little_files \\droboshare\drobo\speed-test\little_files /oaK:\Software\Speed-test\stats\GEOMATT\server2drobo-usb_diff-little_files.log,"""\\droboshare\drobo\speed-test\little_files\""",76,"1,491",223.7 (3 min 43 sec),"0 (No error, Successful operation)","""*""",532,"24,344",K:\Software\Speed-test\stats\GEOMATT\server2drobo-usb_diff-little_files.log,"""K:\Software\Speed-test\source\little_files\""","208,731,021",2008-10-15,10:30:37, 5.2.3790 service pack 2,2.97.5
56.57,xxcopy /yy /of0 /clone /ff /pb K:\Software\Speed-test\source\little_files \\droboshare\drobo\speed-test\little_files /oaK:\Software\Speed-test\stats\GEOMATT\server2drobo-usb_diff-little_files.log,"""\\droboshare\drobo\speed-test\little_files\""",76,"1,491",221.4 (3 min 41 sec),"0 (No error, Successful operation)","""*""",532,"24,344",K:\Software\Speed-test\stats\GEOMATT\server2drobo-usb_diff-little_files.log,"""K:\Software\Speed-test\source\little_files\""","208,731,021",2008-10-15,10:37:06, 5.2.3790 service pack 2,2.97.5
54.8,xxcopy /yy /of0 /clone /ff /pb K:\Software\Speed-test\source\little_files \\droboshare\drobo\speed-test\little_files /oaK:\Software\Speed-test\stats\GEOMATT\server2dshare_diff-little_files.log,"""\\droboshare\drobo\speed-test\little_files\""",76,"1,491",228.6 (3 min 48 sec),"0 (No error, Successful operation)","""*""",532,"24,344",K:\Software\Speed-test\stats\GEOMATT\server2dshare_diff-little_files.log,"""K:\Software\Speed-test\source\little_files\""","208,731,021",2008-10-15,12:54:45, 5.2.3790 service pack 2,2.97.5
54.48,xxcopy /yy /of0 /clone /ff /pb K:\Software\Speed-test\source\little_files \\droboshare\drobo\speed-test\little_files /oaK:\Software\Speed-test\stats\GEOMATT\server2dshare_diff-little_files.log,"""\\droboshare\drobo\speed-test\little_files\""",76,"1,491",229.9 (3 min 49 sec),"0 (No error, Successful operation)","""*""",532,"24,344",K:\Software\Speed-test\stats\GEOMATT\server2dshare_diff-little_files.log,"""K:\Software\Speed-test\source\little_files\""","208,731,021",2008-10-15,13:54:36, 5.2.3790 service pack 2,2.97.5
54.36,xxcopy /yy /of0 /clone /ff /pb K:\Software\Speed-test\source\little_files \\droboshare\drobo\speed-test\little_files /oaK:\Software\Speed-test\stats\GEOMATT\server2dshare_diff-little_files.log,"""\\droboshare\drobo\speed-test\little_files\""",76,"1,491",230.4 (3 min 50 sec),"0 (No error, Successful operation)","""*""",532,"24,344",K:\Software\Speed-test\stats\GEOMATT\server2dshare_diff-little_files.log,"""K:\Software\Speed-test\source\little_files\""","208,731,021",2008-10-15,14:56:18, 5.2.3790 service pack 2,2.97.5
53.83,xxcopy /yy /of0 /clone /ff /pb K:\Software\Speed-test\source\little_files \\droboshare\drobo\speed-test\little_files /oaK:\Software\Speed-test\stats\GEOMATT\server2dshare_diff-little_files.log,"""\\droboshare\drobo\speed-test\little_files\""",76,"1,491",232.7 (3 min 52 sec),"0 (No error, Successful operation)","""*""",532,"24,344",K:\Software\Speed-test\stats\GEOMATT\server2dshare_diff-little_files.log,"""K:\Software\Speed-test\source\little_files\""","208,731,021",2008-10-15,15:57:37, 5.2.3790 service pack 2,2.97.5
52.92,xxcopy /yy /of0 /clone /ff /pb K:\Software\Speed-test\source\little_files \\droboshare\drobo\speed-test\little_files /oaK:\Software\Speed-test\stats\GEOMATT\server2dshare_diff-little_files.log,"""\\droboshare\drobo\speed-test\little_files\""",76,"1,491",236.6 (3 min 56 sec),"0 (No error, Successful operation)","""*""",532,"24,344",K:\Software\Speed-test\stats\GEOMATT\server2dshare_diff-little_files.log,"""K:\Software\Speed-test\source\little_files\""","208,731,021",2008-10-15,16:53:41, 5.2.3790 service pack 2,2.97.5
55.58,xxcopy /yy /of0 /clone /ff /pb K:\Software\Speed-test\source\little_files \\droboshare\drobo\speed-test\little_files /oaK:\Software\Speed-test\stats\GEOMATT\server2dshare_diff-little_files.log,"""\\droboshare\drobo\speed-test\little_files\""",76,"1,491",225.3 (3 min 45 sec),"0 (No error, Successful operation)","""*""",532,"24,344",K:\Software\Speed-test\stats\GEOMATT\server2dshare_diff-little_files.log,"""K:\Software\Speed-test\source\little_files\""","208,731,021",2008-10-15,17:49:24, 5.2.3790 service pack 2,2.97.5
55.14,xxcopy /yy /of0 /clone /ff /pb K:\Software\Speed-test\source\little_files \\droboshare\drobo\speed-test\little_files /oaK:\Software\Speed-test\stats\GEOMATT\server2dshare_diff-little_files.log,"""\\droboshare\drobo\speed-test\little_files\""",76,"1,491",227.1 (3 min 47 sec),"0 (No error, Successful operation)","""*""",532,"24,344",K:\Software\Speed-test\stats\GEOMATT\server2dshare_diff-little_files.log,"""K:\Software\Speed-test\source\little_files\""","208,731,021",2008-10-15,18:46:19, 5.2.3790 service pack 2,2.97.5
54.67,xxcopy /yy /of0 /clone /ff /pb K:\Software\Speed-test\source\little_files \\droboshare\drobo\speed-test\little_files /oaK:\Software\Speed-test\stats\GEOMATT\server2dshare_diff-little_files.log,"""\\droboshare\drobo\speed-test\little_files\""",76,"1,491",229.1 (3 min 49 sec),"0 (No error, Successful operation)","""*""",532,"24,344",K:\Software\Speed-test\stats\GEOMATT\server2dshare_diff-little_files.log,"""K:\Software\Speed-test\source\little_files\""","208,731,021",2008-10-15,19:43:31, 5.2.3790 service pack 2,2.97.5
54.22,xxcopy /yy /of0 /clone /ff /pb K:\Software\Speed-test\source\little_files \\droboshare\drobo\speed-test\little_files /oaK:\Software\Speed-test\stats\GEOMATT\server2dshare_diff-little_files.log,"""\\droboshare\drobo\speed-test\little_files\""",76,"1,491",231 (3 min 50 sec),"0 (No error, Successful operation)","""*""",532,"24,344",K:\Software\Speed-test\stats\GEOMATT\server2dshare_diff-little_files.log,"""K:\Software\Speed-test\source\little_files\""","208,731,021",2008-10-15,20:40:21, 5.2.3790 service pack 2,2.97.5
54.92,xxcopy /yy /of0 /clone /ff /pb K:\Software\Speed-test\source\little_files \\droboshare\drobo\speed-test\little_files /oaK:\Software\Speed-test\stats\GEOMATT\server2dshare_diff-little_files.log,"""\\droboshare\drobo\speed-test\little_files\""",76,"1,491",228.1 (3 min 48 sec),"0 (No error, Successful operation)","""*""",532,"24,344",K:\Software\Speed-test\stats\GEOMATT\server2dshare_diff-little_files.log,"""K:\Software\Speed-test\source\little_files\""","208,731,021",2008-10-15,21:34:15, 5.2.3790 service pack 2,2.97.5
289.7,xxcopy /yy /of0 /clone /ff /pb K:\Software\Speed-test\source\big_files \\droboshare\drobo\speed-test\big_files /oaK:\Software\Speed-test\stats\GEOMATT\server2dshare_straight-big_files.log,"""\\droboshare\drobo\speed-test\big_files\""",1,109.2 (1 min 49 sec),"0 (No error, Successful operation)","""*""",1,K:\Software\Speed-test\stats\GEOMATT\server2dshare_straight-big_files.log,"""K:\Software\Speed-test\source\big_files\""","527,331,269",2008-10-14,13:13:28, 5.2.3790 service pack 2,2.97.5
253.9,xxcopy /yy /of0 /clone /ff /pb K:\Software\Speed-test\source\big_files \\droboshare\drobo\speed-test\big_files /oaK:\Software\Speed-test\stats\GEOMATT\server2dshare_straight-big_files.log,"""\\droboshare\drobo\speed-test\big_files\""",1,124.6 (2 min 4 sec),"0 (No error, Successful operation)","""*""",1,K:\Software\Speed-test\stats\GEOMATT\server2dshare_straight-big_files.log,"""K:\Software\Speed-test\source\big_files\""","527,331,269",2008-10-14,14:03:15, 5.2.3790 service pack 2,2.97.5
287.8,xxcopy /yy /of0 /clone /ff /pb K:\Software\Speed-test\source\big_files \\droboshare\drobo\speed-test\big_files /oaK:\Software\Speed-test\stats\GEOMATT\server2dshare_straight-big_files.log,"""\\droboshare\drobo\speed-test\big_files\""",1,110 (1 min 49 sec),"0 (No error, Successful operation)","""*""",1,K:\Software\Speed-test\stats\GEOMATT\server2dshare_straight-big_files.log,"""K:\Software\Speed-test\source\big_files\""","527,331,269",2008-10-15,13:00:01, 5.2.3790 service pack 2,2.97.5
290.2,xxcopy /yy /of0 /clone /ff /pb K:\Software\Speed-test\source\big_files \\droboshare\drobo\speed-test\big_files /oaK:\Software\Speed-test\stats\GEOMATT\server2dshare_straight-big_files.log,"""\\droboshare\drobo\speed-test\big_files\""",1,109 (1 min 49 sec),"0 (No error, Successful operation)","""*""",1,K:\Software\Speed-test\stats\GEOMATT\server2dshare_straight-big_files.log,"""K:\Software\Speed-test\source\big_files\""","527,331,269",2008-10-15,13:59:49, 5.2.3790 service pack 2,2.97.5
283.4,xxcopy /yy /of0 /clone /ff /pb K:\Software\Speed-test\source\big_files \\droboshare\drobo\speed-test\big_files /oaK:\Software\Speed-test\stats\GEOMATT\server2dshare_straight-big_files.log,"""\\droboshare\drobo\speed-test\big_files\""",1,111.6 (1 min 51 sec),"0 (No error, Successful operation)","""*""",1,K:\Software\Speed-test\stats\GEOMATT\server2dshare_straight-big_files.log,"""K:\Software\Speed-test\source\big_files\""","527,331,269",2008-10-15,15:01:33, 5.2.3790 service pack 2,2.97.5
289.7,xxcopy /yy /of0 /clone /ff /pb K:\Software\Speed-test\source\big_files \\droboshare\drobo\speed-test\big_files /oaK:\Software\Speed-test\stats\GEOMATT\server2dshare_straight-big_files.log,"""\\droboshare\drobo\speed-test\big_files\""",1,109.2 (1 min 49 sec),"0 (No error, Successful operation)","""*""",1,K:\Software\Speed-test\stats\GEOMATT\server2dshare_straight-big_files.log,"""K:\Software\Speed-test\source\big_files\""","527,331,269",2008-10-15,16:02:53, 5.2.3790 service pack 2,2.97.5
288.3,xxcopy /yy /of0 /clone /ff /pb K:\Software\Speed-test\source\big_files \\droboshare\drobo\speed-test\big_files /oaK:\Software\Speed-test\stats\GEOMATT\server2dshare_straight-big_files.log,"""\\droboshare\drobo\speed-test\big_files\""",1,109.8 (1 min 49 sec),"0 (No error, Successful operation)","""*""",1,K:\Software\Speed-test\stats\GEOMATT\server2dshare_straight-big_files.log,"""K:\Software\Speed-test\source\big_files\""","527,331,269",2008-10-15,16:59:02, 5.2.3790 service pack 2,2.97.5
286.1,xxcopy /yy /of0 /clone /ff /pb K:\Software\Speed-test\source\big_files \\droboshare\drobo\speed-test\big_files /oaK:\Software\Speed-test\stats\GEOMATT\server2dshare_straight-big_files.log,"""\\droboshare\drobo\speed-test\big_files\""",1,110.6 (1 min 50 sec),"0 (No error, Successful operation)","""*""",1,K:\Software\Speed-test\stats\GEOMATT\server2dshare_straight-big_files.log,"""K:\Software\Speed-test\source\big_files\""","527,331,269",2008-10-15,17:54:36, 5.2.3790 service pack 2,2.97.5
288.2,xxcopy /yy /of0 /clone /ff /pb K:\Software\Speed-test\source\big_files \\droboshare\drobo\speed-test\big_files /oaK:\Software\Speed-test\stats\GEOMATT\server2dshare_straight-big_files.log,"""\\droboshare\drobo\speed-test\big_files\""",1,109.8 (1 min 49 sec),"0 (No error, Successful operation)","""*""",1,K:\Software\Speed-test\stats\GEOMATT\server2dshare_straight-big_files.log,"""K:\Software\Speed-test\source\big_files\""","527,331,269",2008-10-15,18:51:28, 5.2.3790 service pack 2,2.97.5
288.5,xxcopy /yy /of0 /clone /ff /pb K:\Software\Speed-test\source\big_files \\droboshare\drobo\speed-test\big_files /oaK:\Software\Speed-test\stats\GEOMATT\server2dshare_straight-big_files.log,"""\\droboshare\drobo\speed-test\big_files\""",1,109.7 (1 min 49 sec),"0 (No error, Successful operation)","""*""",1,K:\Software\Speed-test\stats\GEOMATT\server2dshare_straight-big_files.log,"""K:\Software\Speed-test\source\big_files\""","527,331,269",2008-10-15,19:48:43, 5.2.3790 service pack 2,2.97.5
290.4,xxcopy /yy /of0 /clone /ff /pb K:\Software\Speed-test\source\big_files \\droboshare\drobo\speed-test\big_files /oaK:\Software\Speed-test\stats\GEOMATT\server2dshare_straight-big_files.log,"""\\droboshare\drobo\speed-test\big_files\""",1,109 (1 min 48 sec),"0 (No error, Successful operation)","""*""",1,K:\Software\Speed-test\stats\GEOMATT\server2dshare_straight-big_files.log,"""K:\Software\Speed-test\source\big_files\""","527,331,269",2008-10-15,20:45:34, 5.2.3790 service pack 2,2.97.5
290.7,xxcopy /yy /of0 /clone /ff /pb K:\Software\Speed-test\source\big_files \\droboshare\drobo\speed-test\big_files /oaK:\Software\Speed-test\stats\GEOMATT\server2dshare_straight-big_files.log,"""\\droboshare\drobo\speed-test\big_files\""",1,108.9 (1 min 48 sec),"0 (No error, Successful operation)","""*""",1,K:\Software\Speed-test\stats\GEOMATT\server2dshare_straight-big_files.log,"""K:\Software\Speed-test\source\big_files\""","527,331,269",2008-10-15,21:39:26, 5.2.3790 service pack 2,2.97.5
12.53,xxcopy /yy /of0 /clone /ff /pb K:\Software\Speed-test\source\little_files \\droboshare\drobo\speed-test\little_files /oaK:\Software\Speed-test\stats\GEOMATT\server2dshare_straight-little_files.log,"""\\droboshare\drobo\speed-test\little_files\""","1,270","1,271","1,471 (24 min 31 sec)","0 (No error, Successful operation)","""*""","22,274",K:\Software\Speed-test\stats\GEOMATT\server2dshare_straight-little_files.log,"""K:\Software\Speed-test\source\little_files\""","307,290,194",2008-10-14,12:44:38, 5.2.3790 service pack 2,2.97.5
271.2,xxcopy /yy /of0 /clone /ff /pb K:\Software\Speed-test\source\little_files f:\speed-test\little_files /oaK:\Software\Speed-test\stats\GEOMATT\server2loc-usb_diff-little_files.log,"""F:\speed-test\little_files\""",76,"1,491",46.17,"0 (No error, Successful operation)","""*""",532,"24,344",K:\Software\Speed-test\stats\GEOMATT\server2loc-usb_diff-little_files.log,"""K:\Software\Speed-test\source\little_files\""","208,731,021",2008-10-15,08:57:56, 5.2.3790 service pack 2,2.97.5
266.2,xxcopy /yy /of0 /clone /ff /pb K:\Software\Speed-test\source\little_files f:\speed-test\little_files /oaK:\Software\Speed-test\stats\GEOMATT\server2loc-usb_diff-little_files.log,"""F:\speed-test\little_files\""",76,"1,491",47.05,"0 (No error, Successful operation)","""*""",532,"24,344",K:\Software\Speed-test\stats\GEOMATT\server2loc-usb_diff-little_files.log,"""K:\Software\Speed-test\source\little_files\""","208,731,021",2008-10-15,09:04:03, 5.2.3790 service pack 2,2.97.5
267.5,xxcopy /yy /of0 /clone /ff /pb K:\Software\Speed-test\source\little_files f:\speed-test\little_files /oaK:\Software\Speed-test\stats\GEOMATT\server2loc-usb_diff-little_files.log,"""F:\speed-test\little_files\""",76,"1,491",46.82,"0 (No error, Successful operation)","""*""",532,"24,344",K:\Software\Speed-test\stats\GEOMATT\server2loc-usb_diff-little_files.log,"""K:\Software\Speed-test\source\little_files\""","208,731,021",2008-10-15,09:05:11, 5.2.3790 service pack 2,2.97.5
265.6,xxcopy /yy /of0 /clone /ff /pb K:\Software\Speed-test\source\little_files f:\speed-test\little_files /oaK:\Software\Speed-test\stats\GEOMATT\server2loc-usb_diff-little_files.log,"""F:\speed-test\little_files\""",76,"1,491",47.16,"0 (No error, Successful operation)","""*""",532,"24,344",K:\Software\Speed-test\stats\GEOMATT\server2loc-usb_diff-little_files.log,"""K:\Software\Speed-test\source\little_files\""","208,731,021",2008-10-15,09:06:18, 5.2.3790 service pack 2,2.97.5
264.7,xxcopy /yy /of0 /clone /ff /pb K:\Software\Speed-test\source\little_files f:\speed-test\little_files /oaK:\Software\Speed-test\stats\GEOMATT\server2loc-usb_diff-little_files.log,"""F:\speed-test\little_files\""",76,"1,491",47.31,"0 (No error, Successful operation)","""*""",532,"24,344",K:\Software\Speed-test\stats\GEOMATT\server2loc-usb_diff-little_files.log,"""K:\Software\Speed-test\source\little_files\""","208,731,021",2008-10-15,09:07:26, 5.2.3790 service pack 2,2.97.5
266.3,xxcopy /yy /of0 /clone /ff /pb K:\Software\Speed-test\source\little_files f:\speed-test\little_files /oaK:\Software\Speed-test\stats\GEOMATT\server2loc-usb_diff-little_files.log,"""F:\speed-test\little_files\""",76,"1,491",47.03,"0 (No error, Successful operation)","""*""",532,"24,344",K:\Software\Speed-test\stats\GEOMATT\server2loc-usb_diff-little_files.log,"""K:\Software\Speed-test\source\little_files\""","208,731,021",2008-10-15,09:08:34, 5.2.3790 service pack 2,2.97.5
264.3,xxcopy /yy /of0 /clone /ff /pb K:\Software\Speed-test\source\little_files f:\speed-test\little_files /oaK:\Software\Speed-test\stats\GEOMATT\server2loc-usb_diff-little_files.log,"""F:\speed-test\little_files\""",76,"1,491",47.39,"0 (No error, Successful operation)","""*""",532,"24,344",K:\Software\Speed-test\stats\GEOMATT\server2loc-usb_diff-little_files.log,"""K:\Software\Speed-test\source\little_files\""","208,731,021",2008-10-15,09:09:42, 5.2.3790 service pack 2,2.97.5
249.8,xxcopy /yy /of0 /clone /ff /pb K:\Software\Speed-test\source\little_files f:\speed-test\little_files /oaK:\Software\Speed-test\stats\GEOMATT\server2loc-usb_diff-little_files.log,"""F:\speed-test\little_files\""",76,"1,491",50.14,"0 (No error, Successful operation)","""*""",532,"24,344",K:\Software\Speed-test\stats\GEOMATT\server2loc-usb_diff-little_files.log,"""K:\Software\Speed-test\source\little_files\""","208,731,021",2008-10-15,09:10:50, 5.2.3790 service pack 2,2.97.5
265.1,xxcopy /yy /of0 /clone /ff /pb K:\Software\Speed-test\source\little_files f:\speed-test\little_files /oaK:\Software\Speed-test\stats\GEOMATT\server2loc-usb_diff-little_files.log,"""F:\speed-test\little_files\""",76,"1,491",47.25,"0 (No error, Successful operation)","""*""",532,"24,344",K:\Software\Speed-test\stats\GEOMATT\server2loc-usb_diff-little_files.log,"""K:\Software\Speed-test\source\little_files\""","208,731,021",2008-10-15,09:11:49, 5.2.3790 service pack 2,2.97.5
28.2,xxcopy /yy /of0 /clone /ff /pb K:\Software\Speed-test\source\little_files \\droboshare\drobo\speed-test\little_files /oaK:\Software\Speed-test\stats\GEOMATT\server2loc-usb_diff-little_files.log,"""\\droboshare\drobo\speed-test\little_files\""",745,"1,491","1,113 (18 min 33 sec)","0 (No error, Successful operation)","""*""","13,085","24,344",K:\Software\Speed-test\stats\GEOMATT\server2loc-usb_diff-little_files.log,"""K:\Software\Speed-test\source\little_files\""","523,373,707",2008-10-15,09:48:39, 5.2.3790 service pack 2,2.97.5
567.2,xxcopy /yy /of0 /clone /ff /pb K:\Software\Speed-test\source\big_files f:\speed-test\big_files /oaK:\Software\Speed-test\stats\GEOMATT\server2loc-usb_straight-big_files.log,"""F:\speed-test\big_files\""",1,55.78,"0 (No error, Successful operation)","""*""",1,K:\Software\Speed-test\stats\GEOMATT\server2loc-usb_straight-big_files.log,"""K:\Software\Speed-test\source\big_files\""","527,331,269",2008-10-14,14:26:22, 5.2.3790 service pack 2,2.97.5
612.7,xxcopy /yy /of0 /clone /ff /pb K:\Software\Speed-test\source\big_files f:\speed-test\big_files /oaK:\Software\Speed-test\stats\GEOMATT\server2loc-usb_straight-big_files.log,"""F:\speed-test\big_files\""",1,51.64,"0 (No error, Successful operation)","""*""",1,K:\Software\Speed-test\stats\GEOMATT\server2loc-usb_straight-big_files.log,"""K:\Software\Speed-test\source\big_files\""","527,331,269",2008-10-14,14:30:26, 5.2.3790 service pack 2,2.97.5
557.2,xxcopy /yy /of0 /clone /ff /pb K:\Software\Speed-test\source\big_files f:\speed-test\big_files /oaK:\Software\Speed-test\stats\GEOMATT\server2loc-usb_straight-big_files.log,"""F:\speed-test\big_files\""",1,56.78,"0 (No error, Successful operation)","""*""",1,K:\Software\Speed-test\stats\GEOMATT\server2loc-usb_straight-big_files.log,"""K:\Software\Speed-test\source\big_files\""","527,331,269",2008-10-14,14:34:27, 5.2.3790 service pack 2,2.97.5
602.1,xxcopy /yy /of0 /clone /ff /pb K:\Software\Speed-test\source\big_files f:\speed-test\big_files /oaK:\Software\Speed-test\stats\GEOMATT\server2loc-usb_straight-big_files.log,"""F:\speed-test\big_files\""",1,52.55,"0 (No error, Successful operation)","""*""",1,K:\Software\Speed-test\stats\GEOMATT\server2loc-usb_straight-big_files.log,"""K:\Software\Speed-test\source\big_files\""","527,331,269",2008-10-14,14:38:31, 5.2.3790 service pack 2,2.97.5
587.5,xxcopy /yy /of0 /clone /ff /pb K:\Software\Speed-test\source\big_files f:\speed-test\big_files /oaK:\Software\Speed-test\stats\GEOMATT\server2loc-usb_straight-big_files.log,"""F:\speed-test\big_files\""",1,53.86,"0 (No error, Successful operation)","""*""",1,K:\Software\Speed-test\stats\GEOMATT\server2loc-usb_straight-big_files.log,"""K:\Software\Speed-test\source\big_files\""","527,331,269",2008-10-14,14:42:34, 5.2.3790 service pack 2,2.97.5
611.6,xxcopy /yy /of0 /clone /ff /pb K:\Software\Speed-test\source\big_files f:\speed-test\big_files /oaK:\Software\Speed-test\stats\GEOMATT\server2loc-usb_straight-big_files.log,"""F:\speed-test\big_files\""",1,51.74,"0 (No error, Successful operation)","""*""",1,K:\Software\Speed-test\stats\GEOMATT\server2loc-usb_straight-big_files.log,"""K:\Software\Speed-test\source\big_files\""","527,331,269",2008-10-14,14:46:42, 5.2.3790 service pack 2,2.97.5
612.7,xxcopy /yy /of0 /clone /ff /pb K:\Software\Speed-test\source\big_files f:\speed-test\big_files /oaK:\Software\Speed-test\stats\GEOMATT\server2loc-usb_straight-big_files.log,"""F:\speed-test\big_files\""",1,51.64,"0 (No error, Successful operation)","""*""",1,K:\Software\Speed-test\stats\GEOMATT\server2loc-usb_straight-big_files.log,"""K:\Software\Speed-test\source\big_files\""","527,331,269",2008-10-14,14:50:40, 5.2.3790 service pack 2,2.97.5
611.4,xxcopy /yy /of0 /clone /ff /pb K:\Software\Speed-test\source\big_files f:\speed-test\big_files /oaK:\Software\Speed-test\stats\GEOMATT\server2loc-usb_straight-big_files.log,"""F:\speed-test\big_files\""",1,51.75,"0 (No error, Successful operation)","""*""",1,K:\Software\Speed-test\stats\GEOMATT\server2loc-usb_straight-big_files.log,"""K:\Software\Speed-test\source\big_files\""","527,331,269",2008-10-14,14:54:40, 5.2.3790 service pack 2,2.97.5
570.6,xxcopy /yy /of0 /clone /ff /pb K:\Software\Speed-test\source\big_files f:\speed-test\big_files /oaK:\Software\Speed-test\stats\GEOMATT\server2loc-usb_straight-big_files.log,"""F:\speed-test\big_files\""",1,55.45,"0 (No error, Successful operation)","""*""",1,K:\Software\Speed-test\stats\GEOMATT\server2loc-usb_straight-big_files.log,"""K:\Software\Speed-test\source\big_files\""","527,331,269",2008-10-14,14:58:46, 5.2.3790 service pack 2,2.97.5
593.9,xxcopy /yy /of0 /clone /ff /pb K:\Software\Speed-test\source\big_files f:\speed-test\big_files /oaK:\Software\Speed-test\stats\GEOMATT\server2loc-usb_straight-big_files.log,"""F:\speed-test\big_files\""",1,53.28,"0 (No error, Successful operation)","""*""",1,K:\Software\Speed-test\stats\GEOMATT\server2loc-usb_straight-big_files.log,"""K:\Software\Speed-test\source\big_files\""","527,331,269",2008-10-14,15:02:49, 5.2.3790 service pack 2,2.97.5
577.4,xxcopy /yy /of0 /clone /ff /pb K:\Software\Speed-test\source\big_files f:\speed-test\big_files /oaK:\Software\Speed-test\stats\GEOMATT\server2loc-usb_straight-big_files.log,"""F:\speed-test\big_files\""",1,54.8,"0 (No error, Successful operation)","""*""",1,K:\Software\Speed-test\stats\GEOMATT\server2loc-usb_straight-big_files.log,"""K:\Software\Speed-test\source\big_files\""","527,331,269",2008-10-15,08:58:53, 5.2.3790 service pack 2,2.97.5
155.5,xxcopy /yy /of0 /clone /ff /pb K:\Software\Speed-test\source\little_files f:\speed-test\little_files /oaK:\Software\Speed-test\stats\GEOMATT\server2loc-usb_straight-little_files.log,"""F:\speed-test\little_files\""","1,270","1,271",118.6 (1 min 58 sec),"0 (No error, Successful operation)","""*""","22,274",K:\Software\Speed-test\stats\GEOMATT\server2loc-usb_straight-little_files.log,"""K:\Software\Speed-test\source\little_files\""","307,290,194",2008-10-14,14:23:41, 5.2.3790 service pack 2,2.97.5
154.9,xxcopy /yy /of0 /clone /ff /pb K:\Software\Speed-test\source\little_files f:\speed-test\little_files /oaK:\Software\Speed-test\stats\GEOMATT\server2loc-usb_straight-little_files.log,"""F:\speed-test\little_files\""","1,270","1,271",119.1 (1 min 59 sec),"0 (No error, Successful operation)","""*""","22,274",K:\Software\Speed-test\stats\GEOMATT\server2loc-usb_straight-little_files.log,"""K:\Software\Speed-test\source\little_files\""","307,290,194",2008-10-14,14:27:41, 5.2.3790 service pack 2,2.97.5
150.7,xxcopy /yy /of0 /clone /ff /pb K:\Software\Speed-test\source\little_files f:\speed-test\little_files /oaK:\Software\Speed-test\stats\GEOMATT\server2loc-usb_straight-little_files.log,"""F:\speed-test\little_files\""","1,270","1,271",122.3 (2 min 2 sec),"0 (No error, Successful operation)","""*""","22,274",K:\Software\Speed-test\stats\GEOMATT\server2loc-usb_straight-little_files.log,"""K:\Software\Speed-test\source\little_files\""","307,290,194",2008-10-14,14:31:42, 5.2.3790 service pack 2,2.97.5
153,xxcopy /yy /of0 /clone /ff /pb K:\Software\Speed-test\source\little_files f:\speed-test\little_files /oaK:\Software\Speed-test\stats\GEOMATT\server2loc-usb_straight-little_files.log,"""F:\speed-test\little_files\""","1,270","1,271",120.5 (2 min 0 sec),"0 (No error, Successful operation)","""*""","22,274",K:\Software\Speed-test\stats\GEOMATT\server2loc-usb_straight-little_files.log,"""K:\Software\Speed-test\source\little_files\""","307,290,194",2008-10-14,14:35:47, 5.2.3790 service pack 2,2.97.5
151.3,xxcopy /yy /of0 /clone /ff /pb K:\Software\Speed-test\source\little_files f:\speed-test\little_files /oaK:\Software\Speed-test\stats\GEOMATT\server2loc-usb_straight-little_files.log,"""F:\speed-test\little_files\""","1,270","1,271",121.9 (2 min 1 sec),"0 (No error, Successful operation)","""*""","22,274",K:\Software\Speed-test\stats\GEOMATT\server2loc-usb_straight-little_files.log,"""K:\Software\Speed-test\source\little_files\""","307,290,194",2008-10-14,14:39:49, 5.2.3790 service pack 2,2.97.5
148.8,xxcopy /yy /of0 /clone /ff /pb K:\Software\Speed-test\source\little_files f:\speed-test\little_files /oaK:\Software\Speed-test\stats\GEOMATT\server2loc-usb_straight-little_files.log,"""F:\speed-test\little_files\""","1,270","1,271",123.9 (2 min 3 sec),"0 (No error, Successful operation)","""*""","22,274",K:\Software\Speed-test\stats\GEOMATT\server2loc-usb_straight-little_files.log,"""K:\Software\Speed-test\source\little_files\""","307,290,194",2008-10-14,14:43:53, 5.2.3790 service pack 2,2.97.5
156.6,xxcopy /yy /of0 /clone /ff /pb K:\Software\Speed-test\source\little_files f:\speed-test\little_files /oaK:\Software\Speed-test\stats\GEOMATT\server2loc-usb_straight-little_files.log,"""F:\speed-test\little_files\""","1,270","1,271",117.8 (1 min 57 sec),"0 (No error, Successful operation)","""*""","22,274",K:\Software\Speed-test\stats\GEOMATT\server2loc-usb_straight-little_files.log,"""K:\Software\Speed-test\source\little_files\""","307,290,194",2008-10-14,14:48:00, 5.2.3790 service pack 2,2.97.5
154.6,xxcopy /yy /of0 /clone /ff /pb K:\Software\Speed-test\source\little_files f:\speed-test\little_files /oaK:\Software\Speed-test\stats\GEOMATT\server2loc-usb_straight-little_files.log,"""F:\speed-test\little_files\""","1,270","1,271",119.2 (1 min 59 sec),"0 (No error, Successful operation)","""*""","22,274",K:\Software\Speed-test\stats\GEOMATT\server2loc-usb_straight-little_files.log,"""K:\Software\Speed-test\source\little_files\""","307,290,194",2008-10-14,14:51:57, 5.2.3790 service pack 2,2.97.5
145.9,xxcopy /yy /of0 /clone /ff /pb K:\Software\Speed-test\source\little_files f:\speed-test\little_files /oaK:\Software\Speed-test\stats\GEOMATT\server2loc-usb_straight-little_files.log,"""F:\speed-test\little_files\""","1,270","1,271",126.3 (2 min 6 sec),"0 (No error, Successful operation)","""*""","22,274",K:\Software\Speed-test\stats\GEOMATT\server2loc-usb_straight-little_files.log,"""K:\Software\Speed-test\source\little_files\""","307,290,194",2008-10-14,14:55:57, 5.2.3790 service pack 2,2.97.5
152.7,xxcopy /yy /of0 /clone /ff /pb K:\Software\Speed-test\source\little_files f:\speed-test\little_files /oaK:\Software\Speed-test\stats\GEOMATT\server2loc-usb_straight-little_files.log,"""F:\speed-test\little_files\""","1,270","1,271",120.8 (2 min 0 sec),"0 (No error, Successful operation)","""*""","22,274",K:\Software\Speed-test\stats\GEOMATT\server2loc-usb_straight-little_files.log,"""K:\Software\Speed-test\source\little_files\""","307,290,194",2008-10-14,15:00:05, 5.2.3790 service pack 2,2.97.5
235.2,xxcopy /yy /of0 /clone /ff /pb K:\Software\Speed-test\source\little_files f:\speed-test\little_files /oaK:\Software\Speed-test\stats\GEOMATT\server2loc-usb_straight-little_files.log,"""F:\speed-test\little_files\""","1,490","1,491",163.6 (2 min 43 sec),"0 (No error, Successful operation)","""*""","24,344",K:\Software\Speed-test\stats\GEOMATT\server2loc-usb_straight-little_files.log,"""K:\Software\Speed-test\source\little_files\""","641,411,602",2008-10-15,08:55:00, 5.2.3790 service pack 2,2.97.5
264.3,xxcopy /yy /of0 /clone /ff /pb X:\Software\Speed-test\source\little_files d:\speed-test\little_files /oaX:\Software\Speed-test\stats\GEOMATT\server2local_diff-little_files.log,"""D:\speed-test\little_files\""",76,"1,491",47.38,"0 (No error, Successful operation)","""*""",532,"24,344",X:\Software\Speed-test\stats\GEOMATT\server2local_diff-little_files.log,"""X:\Software\Speed-test\source\little_files\""","208,731,021",2008-10-22,10:38:16, 5.2.3790 service pack 2,2.97.5
262.6,xxcopy /yy /of0 /clone /ff /pb X:\Software\Speed-test\source\little_files d:\speed-test\little_files /oaX:\Software\Speed-test\stats\GEOMATT\server2local_diff-little_files.log,"""D:\speed-test\little_files\""",76,"1,491",47.7,"0 (No error, Successful operation)","""*""",532,"24,344",X:\Software\Speed-test\stats\GEOMATT\server2local_diff-little_files.log,"""X:\Software\Speed-test\source\little_files\""","208,731,021",2008-10-22,10:43:28, 5.2.3790 service pack 2,2.97.5
264,xxcopy /yy /of0 /clone /ff /pb X:\Software\Speed-test\source\little_files d:\speed-test\little_files /oaX:\Software\Speed-test\stats\GEOMATT\server2local_diff-little_files.log,"""D:\speed-test\little_files\""",76,"1,491",47.44,"0 (No error, Successful operation)","""*""",532,"24,344",X:\Software\Speed-test\stats\GEOMATT\server2local_diff-little_files.log,"""X:\Software\Speed-test\source\little_files\""","208,731,021",2008-10-22,10:48:41, 5.2.3790 service pack 2,2.97.5
261.4,xxcopy /yy /of0 /clone /ff /pb X:\Software\Speed-test\source\little_files d:\speed-test\little_files /oaX:\Software\Speed-test\stats\GEOMATT\server2local_diff-little_files.log,"""D:\speed-test\little_files\""",76,"1,491",47.91,"0 (No error, Successful operation)","""*""",532,"24,344",X:\Software\Speed-test\stats\GEOMATT\server2local_diff-little_files.log,"""X:\Software\Speed-test\source\little_files\""","208,731,021",2008-10-22,10:53:56, 5.2.3790 service pack 2,2.97.5
263,xxcopy /yy /of0 /clone /ff /pb X:\Software\Speed-test\source\little_files d:\speed-test\little_files /oaX:\Software\Speed-test\stats\GEOMATT\server2local_diff-little_files.log,"""D:\speed-test\little_files\""",76,"1,491",47.61,"0 (No error, Successful operation)","""*""",532,"24,344",X:\Software\Speed-test\stats\GEOMATT\server2local_diff-little_files.log,"""X:\Software\Speed-test\source\little_files\""","208,731,021",2008-10-22,10:59:07, 5.2.3790 service pack 2,2.97.5
261.2,xxcopy /yy /of0 /clone /ff /pb X:\Software\Speed-test\source\little_files d:\speed-test\little_files /oaX:\Software\Speed-test\stats\GEOMATT\server2local_diff-little_files.log,"""D:\speed-test\little_files\""",76,"1,491",47.95,"0 (No error, Successful operation)","""*""",532,"24,344",X:\Software\Speed-test\stats\GEOMATT\server2local_diff-little_files.log,"""X:\Software\Speed-test\source\little_files\""","208,731,021",2008-10-22,11:04:20, 5.2.3790 service pack 2,2.97.5
261.3,xxcopy /yy /of0 /clone /ff /pb X:\Software\Speed-test\source\little_files d:\speed-test\little_files /oaX:\Software\Speed-test\stats\GEOMATT\server2local_diff-little_files.log,"""D:\speed-test\little_files\""",76,"1,491",47.92,"0 (No error, Successful operation)","""*""",532,"24,344",X:\Software\Speed-test\stats\GEOMATT\server2local_diff-little_files.log,"""X:\Software\Speed-test\source\little_files\""","208,731,021",2008-10-22,11:09:34, 5.2.3790 service pack 2,2.97.5
263.7,xxcopy /yy /of0 /clone /ff /pb X:\Software\Speed-test\source\little_files d:\speed-test\little_files /oaX:\Software\Speed-test\stats\GEOMATT\server2local_diff-little_files.log,"""D:\speed-test\little_files\""",76,"1,491",47.49,"0 (No error, Successful operation)","""*""",532,"24,344",X:\Software\Speed-test\stats\GEOMATT\server2local_diff-little_files.log,"""X:\Software\Speed-test\source\little_files\""","208,731,021",2008-10-22,11:14:50, 5.2.3790 service pack 2,2.97.5
263.2,xxcopy /yy /of0 /clone /ff /pb X:\Software\Speed-test\source\little_files d:\speed-test\little_files /oaX:\Software\Speed-test\stats\GEOMATT\server2local_diff-little_files.log,"""D:\speed-test\little_files\""",76,"1,491",47.59,"0 (No error, Successful operation)","""*""",532,"24,344",X:\Software\Speed-test\stats\GEOMATT\server2local_diff-little_files.log,"""X:\Software\Speed-test\source\little_files\""","208,731,021",2008-10-22,11:20:07, 5.2.3790 service pack 2,2.97.5
263.9,xxcopy /yy /of0 /clone /ff /pb X:\Software\Speed-test\source\little_files d:\speed-test\little_files /oaX:\Software\Speed-test\stats\GEOMATT\server2local_diff-little_files.log,"""D:\speed-test\little_files\""",76,"1,491",47.45,"0 (No error, Successful operation)","""*""",532,"24,344",X:\Software\Speed-test\stats\GEOMATT\server2local_diff-little_files.log,"""X:\Software\Speed-test\source\little_files\""","208,731,021",2008-10-22,11:25:26, 5.2.3790 service pack 2,2.97.5
599.1,xxcopy /yy /of0 /clone /ff /pb X:\Software\Speed-test\source\big_files d:\speed-test\big_files /oaX:\Software\Speed-test\stats\GEOMATT\server2local_straight-big_files.log,"""D:\speed-test\big_files\""",1,52.81,"0 (No error, Successful operation)","""*""",1,X:\Software\Speed-test\stats\GEOMATT\server2local_straight-big_files.log,"""X:\Software\Speed-test\source\big_files\""","527,331,269",2008-10-22,10:39:15, 5.2.3790 service pack 2,2.97.5
515.4,xxcopy /yy /of0 /clone /ff /pb X:\Software\Speed-test\source\big_files d:\speed-test\big_files /oaX:\Software\Speed-test\stats\GEOMATT\server2local_straight-big_files.log,"""D:\speed-test\big_files\""",1,61.39 (1 min 1 sec),"0 (No error, Successful operation)","""*""",1,X:\Software\Speed-test\stats\GEOMATT\server2local_straight-big_files.log,"""X:\Software\Speed-test\source\big_files\""","527,331,269",2008-10-22,10:44:27, 5.2.3790 service pack 2,2.97.5
597.5,xxcopy /yy /of0 /clone /ff /pb X:\Software\Speed-test\source\big_files d:\speed-test\big_files /oaX:\Software\Speed-test\stats\GEOMATT\server2local_straight-big_files.log,"""D:\speed-test\big_files\""",1,52.95,"0 (No error, Successful operation)","""*""",1,X:\Software\Speed-test\stats\GEOMATT\server2local_straight-big_files.log,"""X:\Software\Speed-test\source\big_files\""","527,331,269",2008-10-22,10:49:40, 5.2.3790 service pack 2,2.97.5
545.8,xxcopy /yy /of0 /clone /ff /pb X:\Software\Speed-test\source\big_files d:\speed-test\big_files /oaX:\Software\Speed-test\stats\GEOMATT\server2local_straight-big_files.log,"""D:\speed-test\big_files\""",1,57.97,"0 (No error, Successful operation)","""*""",1,X:\Software\Speed-test\stats\GEOMATT\server2local_straight-big_files.log,"""X:\Software\Speed-test\source\big_files\""","527,331,269",2008-10-22,10:54:55, 5.2.3790 service pack 2,2.97.5
605.9,xxcopy /yy /of0 /clone /ff /pb X:\Software\Speed-test\source\big_files d:\speed-test\big_files /oaX:\Software\Speed-test\stats\GEOMATT\server2local_straight-big_files.log,"""D:\speed-test\big_files\""",1,52.22,"0 (No error, Successful operation)","""*""",1,X:\Software\Speed-test\stats\GEOMATT\server2local_straight-big_files.log,"""X:\Software\Speed-test\source\big_files\""","527,331,269",2008-10-22,11:00:07, 5.2.3790 service pack 2,2.97.5
562.2,xxcopy /yy /of0 /clone /ff /pb X:\Software\Speed-test\source\big_files d:\speed-test\big_files /oaX:\Software\Speed-test\stats\GEOMATT\server2local_straight-big_files.log,"""D:\speed-test\big_files\""",1,56.28,"0 (No error, Successful operation)","""*""",1,X:\Software\Speed-test\stats\GEOMATT\server2local_straight-big_files.log,"""X:\Software\Speed-test\source\big_files\""","527,331,269",2008-10-22,11:05:20, 5.2.3790 service pack 2,2.97.5
605.9,xxcopy /yy /of0 /clone /ff /pb X:\Software\Speed-test\source\big_files d:\speed-test\big_files /oaX:\Software\Speed-test\stats\GEOMATT\server2local_straight-big_files.log,"""D:\speed-test\big_files\""",1,52.22,"0 (No error, Successful operation)","""*""",1,X:\Software\Speed-test\stats\GEOMATT\server2local_straight-big_files.log,"""X:\Software\Speed-test\source\big_files\""","527,331,269",2008-10-22,11:10:34, 5.2.3790 service pack 2,2.97.5
585.7,xxcopy /yy /of0 /clone /ff /pb X:\Software\Speed-test\source\big_files d:\speed-test\big_files /oaX:\Software\Speed-test\stats\GEOMATT\server2local_straight-big_files.log,"""D:\speed-test\big_files\""",1,54.02,"0 (No error, Successful operation)","""*""",1,X:\Software\Speed-test\stats\GEOMATT\server2local_straight-big_files.log,"""X:\Software\Speed-test\source\big_files\""","527,331,269",2008-10-22,11:15:49, 5.2.3790 service pack 2,2.97.5
585.9,xxcopy /yy /of0 /clone /ff /pb X:\Software\Speed-test\source\big_files d:\speed-test\big_files /oaX:\Software\Speed-test\stats\GEOMATT\server2local_straight-big_files.log,"""D:\speed-test\big_files\""",1,54,"0 (No error, Successful operation)","""*""",1,X:\Software\Speed-test\stats\GEOMATT\server2local_straight-big_files.log,"""X:\Software\Speed-test\source\big_files\""","527,331,269",2008-10-22,11:21:06, 5.2.3790 service pack 2,2.97.5
577.2,xxcopy /yy /of0 /clone /ff /pb X:\Software\Speed-test\source\big_files d:\speed-test\big_files /oaX:\Software\Speed-test\stats\GEOMATT\server2local_straight-big_files.log,"""D:\speed-test\big_files\""",1,54.81,"0 (No error, Successful operation)","""*""",1,X:\Software\Speed-test\stats\GEOMATT\server2local_straight-big_files.log,"""X:\Software\Speed-test\source\big_files\""","527,331,269",2008-10-22,11:26:25, 5.2.3790 service pack 2,2.97.5
